duong2001/123@duong
tan2001/tan123@123
ngapham/ngapham123
thanhdinh/thanh_1975
cuongpham/cuong_1971@
kienvan/kien@3456
lehuu/lechip111
thuan2000@/thuanthuy@
toanpham1976/toan_tinh
congthanh/cong2007
vinhtoan/vinh2004_123
nhatanh2011/nhat_anh_@
